<?xml version="1.0" encoding="UTF-8" ?>
<!DOCTYPE mapper PUBLIC "-//mybatis.org//DTD Mapper 3.0//EN"
        "http://mybatis.org/dtd/mybatis-3-mapper.dtd" >
<mapper namespace="com.itheima.dao.SetmealDao">
    <!--插入套餐数据-->
    <insert id="add" parameterType="com.itheima.pojo.Setmeal">
        <!--通过mybatis框架提供的selectKey标签获得自增产生的ID值-->
        <selectKey resultType="java.lang.Integer" order="AFTER" keyProperty="id">
            select LAST_INSERT_ID()
        </selectKey>
        insert into t_setmeal(code,name,sex,helpCode,remark,attention,age,price,img)
                      values
        (#{code},#{name},#{sex},#{helpCode},#{remark},#{attention},#{age},#{price},#{img})
    </insert>

    <!--设置套餐和检查组多对多关系-->
    <insert id="setSetmealAndCheckGroup" parameterType="map">
        insert into t_setmeal_checkgroup(setmeal_id,checkgroup_id)
        values
        (#{setmealId},#{checkgroupId})
    </insert>

    <!--根据条件进行查询-->
    <select id="findByCondition" parameterType="string" resultType="com.itheima.pojo.Setmeal">
        select * from t_setmeal
        <if test="value != null and value != '' and value.length > 0">
            where code = #{value} or name = #{value} or helpCode = #{value}
        </if>
    </select>
</mapper>