<?xml version="1.0" encoding="UTF-8" ?>
<!DOCTYPE mapper PUBLIC "-//mybatis.org//DTD Mapper 3.0//EN"
        "http://mybatis.org/dtd/mybatis-3-mapper.dtd" >
<mapper namespace="com.itheima.dao.CheckItemDao">
    <!--插入检查项数据-->
    <insert id="add" parameterType="com.itheima.pojo.CheckItem">
        insert into t_checkitem(code,name,sex,age,price,type,remark,attention)
                      values
        (#{code},#{name},#{sex},#{age},#{price},#{type},#{remark},#{attention})
    </insert>

    <select id="selectByCondition" parameterType="String" resultType="com.itheima.pojo.CheckItem">
        select * from t_checkitem
        <if test="value != null and value.length > 0">
            where code = #{value} or name = #{value}
        </if>
    </select>

    <!--根据检查项ID统计数据量-->
    <select id="findCountByCheckItemId" parameterType="int" resultType="long">
        select count(*) from t_checkgroup_checkitem where checkitem_id = #{checkitem_id}
    </select>

    <delete id="deleteById" parameterType="int">
        delete from t_checkitem where id = #{id}
    </delete>

    <update id="edit" parameterType="com.itheima.pojo.CheckItem">
        update t_checkitem
        <set>
            <if test="name != null">
                name = #{name},
            </if>
            <if test="sex != null">
                sex = #{sex},
            </if>
            <if test="code != null">
                code = #{code},
            </if>
            <if test="age != null">
                age = #{age},
            </if>
            <if test="price != null">
                price = #{price},
            </if>
            <if test="type != null">
                type = #{type},
            </if>
            <if test="attention != null">
                attention = #{attention},
            </if>
            <if test="remark != null">
                remark = #{remark},
            </if>
        </set>
        where id = #{id}
    </update>

    <select id="findById" parameterType="int" resultType="com.itheima.pojo.CheckItem">
        select * from t_checkitem where id = #{id}
    </select>
</mapper>